n,our_time,sdpa_time,mosek_time,our_mem,sdpa_mem,mosek_mem,our_res,sdpa_res,mosek_res
3.0,0.000219751,0.003910268,0.002275085,8560.0,197248.0,157184.0,1.0,1.0,1.0
3.0,0.000199006,0.003245481,0.002455051,8560.0,197248.0,157184.0,1.0,1.0,1.0
3.0,0.000129494,0.003468413,0.002696044,8560.0,197248.0,157184.0,1.0,1.0,1.0
3.0,0.000114018,0.003399214,0.002967586,8384.0,197248.0,157184.0,1.0,1.0,1.0
3.0,0.00013265,0.00361297,0.002940043,8560.0,197248.0,157184.0,1.0,1.0,1.0
3.0,0.000128471,0.003548212,0.002900391,8560.0,197248.0,157184.0,1.0,1.0,1.0
3.0,0.00013264,0.003489235,0.00295265,8560.0,197248.0,157184.0,1.0,1.0,1.0
3.0,0.000139327,0.003589772,0.002992525,8560.0,197248.0,157184.0,1.0,1.0,1.0
3.0,0.000126927,0.003641088,0.002898988,8560.0,197248.0,157184.0,1.0,1.0,1.0
3.0,0.000122041,0.003568029,0.002458324,8560.0,197248.0,157184.0,1.0,1.0,1.0
3.0,0.000125316,0.003579506,0.003191339,8560.0,197248.0,157184.0,1.0,1.0,1.0
3.0,0.000130034,0.003500986,0.002516208,8560.0,197248.0,157184.0,1.0,1.0,1.0
3.0,0.000130927,0.00363934,0.003039819,8560.0,197248.0,157184.0,1.0,1.0,1.0
3.0,0.000126416,0.003621234,0.002448453,8560.0,197248.0,157184.0,1.0,1.0,1.0
3.0,0.000110534,0.003530078,0.002947533,8384.0,197248.0,157184.0,1.0,1.0,1.0
3.0,0.000127952,0.003303046,0.002464789,8560.0,197248.0,157184.0,1.0,1.0,1.0
3.0,0.000125937,0.003438412,0.002876143,8560.0,197248.0,157184.0,1.0,1.0,1.0
3.0,0.000121119,0.003486986,0.002630355,8560.0,197248.0,157184.0,1.0,1.0,1.0
3.0,0.000121491,0.003434454,0.003111746,8560.0,197248.0,157184.0,1.0,1.0,1.0
3.0,0.000107939,0.004630196,0.004886669,8384.0,197248.0,157184.0,1.0,1.0,1.0
3.0,0.000162282,0.005538132,0.004951011,8560.0,197248.0,157184.0,1.0,1.0,1.0
3.0,0.000166857,0.004670116,0.004197703,8560.0,197248.0,157184.0,1.0,1.0,1.0
3.0,0.000136621,0.004008429,0.003236344,8560.0,197248.0,157184.0,1.0,1.0,1.0
3.0,0.000111817,0.003477537,0.002570775,8560.0,197248.0,157184.0,1.0,1.0,1.0
3.0,0.00010015,0.002984163,0.00232902,8560.0,197248.0,157184.0,1.0,1.0,1.0
3.0,0.000100624,0.002911826,0.002411818,8560.0,197248.0,157184.0,1.0,1.0,1.0
3.0,0.000101796,0.002945994,0.002385658,8560.0,197248.0,157184.0,1.0,1.0,1.0
3.0,9.8899e-5,0.00291459,0.002306324,8560.0,197248.0,157184.0,1.0,1.0,1.0
3.0,9.6492e-5,0.002769454,0.0026537,8560.0,197248.0,157184.0,1.0,1.0,1.0
3.0,8.6678e-5,0.002646891,0.002374813,8560.0,197248.0,157184.0,1.0,1.0,1.0
3.0,8.1144e-5,0.002570091,0.002371807,8384.0,197248.0,157184.0,1.0,1.0,1.0
3.0,9.3271e-5,0.002529335,0.00250145,8560.0,197248.0,157184.0,1.0,1.0,1.0
3.0,9.7394e-5,0.002607459,0.002309701,8560.0,197248.0,157184.0,1.0,1.0,1.0
3.0,8.8943e-5,0.002514354,0.002557195,8560.0,197248.0,157184.0,1.0,1.0,1.0
3.0,8.4081e-5,0.00267457,0.002439251,8384.0,197248.0,157184.0,1.0,1.0,1.0
3.0,8.5339e-5,0.002569058,0.002355384,8560.0,197248.0,157184.0,1.0,1.0,1.0
3.0,8.5375e-5,0.002579883,0.002355568,8560.0,197248.0,157184.0,1.0,1.0,1.0
3.0,8.9422e-5,0.002698896,0.002395852,8560.0,197248.0,157184.0,1.0,1.0,1.0
3.0,8.8076e-5,0.002693946,0.002232016,8560.0,197248.0,157184.0,1.0,1.0,1.0
3.0,8.3017e-5,0.002746879,0.002385383,8560.0,197248.0,157184.0,1.0,1.0,1.0
3.0,7.7494e-5,0.002664321,0.002288315,8384.0,197248.0,157184.0,1.0,1.0,1.0
3.0,7.8554e-5,0.002756283,0.002280611,8384.0,197248.0,157184.0,1.0,1.0,1.0
3.0,7.5213e-5,0.002590435,0.00244345,6112.0,197248.0,157184.0,1.0,1.0,1.0
3.0,9.4479e-5,0.002710783,0.002400116,8560.0,197248.0,157184.0,1.0,1.0,1.0
3.0,9.045e-5,0.002867777,0.002356068,8560.0,197248.0,157184.0,1.0,1.0,1.0
3.0,8.4668e-5,0.00281724,0.002330209,8560.0,197248.0,157184.0,1.0,1.0,1.0
3.0,8.216e-5,0.002796637,0.002348548,8384.0,197248.0,157184.0,1.0,1.0,1.0
3.0,9.5064e-5,0.002609109,0.002148717,8560.0,197248.0,157184.0,1.0,1.0,1.0
3.0,9.2262e-5,0.002565901,0.002354134,8560.0,197248.0,157184.0,1.0,1.0,1.0
3.0,8.0592e-5,0.002665072,0.002282263,6112.0,197248.0,157184.0,1.0,1.0,1.0
3.0,8.2527e-5,0.002595365,0.002188898,8560.0,197248.0,157184.0,1.0,1.0,1.0
3.0,8.6503e-5,0.002657317,0.002390817,8560.0,197248.0,157184.0,1.0,1.0,1.0
3.0,9.7754e-5,0.002763297,0.002346102,8560.0,197248.0,157184.0,1.0,1.0,1.0
3.0,9.2705e-5,0.002787349,0.002247389,8560.0,197248.0,157184.0,1.0,1.0,1.0
3.0,9.1614e-5,0.002775439,0.002212572,8560.0,197248.0,157184.0,1.0,1.0,1.0
3.0,8.6455e-5,0.002821454,0.002252898,8560.0,197248.0,157184.0,1.0,1.0,1.0
3.0,8.5217e-5,0.002831395,0.002391713,8560.0,197248.0,157184.0,1.0,1.0,1.0
3.0,9.8116e-5,0.002869778,0.002232749,8560.0,197248.0,157184.0,1.0,1.0,1.0
3.0,8.3871e-5,0.002902837,0.002346727,6112.0,197248.0,157184.0,1.0,1.0,1.0
3.0,9.1091e-5,0.00287039,0.002434955,8560.0,197248.0,157184.0,1.0,1.0,1.0
3.0,8.3485e-5,0.002868759,0.00248211,8704.0,197248.0,157184.0,1.0,1.0,1.0
3.0,9.3569e-5,0.002926124,0.002520603,8560.0,197248.0,157184.0,1.0,1.0,1.0
3.0,0.000108888,0.003055203,0.002387502,8560.0,197248.0,157184.0,1.0,1.0,1.0
3.0,8.9258e-5,0.002751813,0.002418832,8384.0,197248.0,157184.0,1.0,1.0,1.0
3.0,8.6402e-5,0.002742036,0.002247311,8384.0,197248.0,157184.0,1.0,1.0,1.0
3.0,8.996e-5,0.002606162,0.002363711,8560.0,197248.0,157184.0,1.0,1.0,1.0
3.0,9.5066e-5,0.00259454,0.002328702,8560.0,197248.0,157184.0,1.0,1.0,1.0
3.0,9.5718e-5,0.002704977,0.002391312,8560.0,197248.0,157184.0,1.0,1.0,1.0
3.0,9.1051e-5,0.002739368,0.002395477,8560.0,197248.0,157184.0,1.0,1.0,1.0
3.0,8.9803e-5,0.002713546,0.002195882,8560.0,197248.0,157184.0,1.0,1.0,1.0
3.0,9.7403e-5,0.002740687,0.002346299,8560.0,197248.0,157184.0,1.0,1.0,1.0
3.0,0.000117603,0.003129481,0.002392818,8560.0,197248.0,157184.0,1.0,1.0,1.0
3.0,8.9069e-5,0.002832045,0.002281715,8560.0,197248.0,157184.0,1.0,1.0,1.0
3.0,9.5367e-5,0.002935934,0.002341835,8560.0,197248.0,157184.0,1.0,1.0,1.0
3.0,8.4322e-5,0.002751948,0.002173957,8560.0,197248.0,157184.0,1.0,1.0,1.0
3.0,0.000126301,0.002843746,0.002427286,8560.0,197248.0,157184.0,1.0,1.0,1.0
3.0,9.7807e-5,0.002756681,0.002220042,8560.0,197248.0,157184.0,1.0,1.0,1.0
3.0,9.8594e-5,0.003027822,0.002578182,8560.0,197248.0,157184.0,1.0,1.0,1.0
3.0,8.6377e-5,0.003002913,0.00240053,8384.0,197248.0,157184.0,1.0,1.0,1.0
3.0,9.6523e-5,0.002996059,0.002556105,8560.0,197248.0,157184.0,1.0,1.0,1.0
3.0,9.3332e-5,0.002955788,0.00244726,8560.0,197248.0,157184.0,1.0,1.0,1.0
3.0,9.3797e-5,0.002935409,0.002569737,8560.0,197248.0,157184.0,1.0,1.0,1.0
3.0,8.9887e-5,0.003017925,0.002509866,8384.0,197248.0,157184.0,1.0,1.0,1.0
3.0,9.9016e-5,0.002912435,0.002263938,8560.0,197248.0,157184.0,1.0,1.0,1.0
3.0,9.4099e-5,0.002959862,0.002380932,8560.0,197248.0,157184.0,1.0,1.0,1.0
3.0,9.4422e-5,0.002877151,0.00220025,8560.0,197248.0,157184.0,1.0,1.0,1.0
3.0,9.0006e-5,0.002891784,0.002401248,8560.0,197248.0,157184.0,1.0,1.0,1.0
3.0,9.48e-5,0.003104931,0.002551444,8560.0,197248.0,157184.0,1.0,1.0,1.0
3.0,9.0511e-5,0.002906999,0.002385552,8560.0,197248.0,157184.0,1.0,1.0,1.0
3.0,0.000103759,0.003017403,0.002380133,8560.0,197248.0,157184.0,1.0,1.0,1.0
3.0,9.4266e-5,0.002946271,0.002470414,8560.0,197248.0,157184.0,1.0,1.0,1.0
3.0,9.4184e-5,0.002890108,0.002288874,8560.0,197248.0,157184.0,1.0,1.0,1.0
3.0,7.934e-5,0.002881744,0.002481235,6112.0,197248.0,157184.0,1.0,1.0,1.0
3.0,9.6073e-5,0.002959998,0.002358181,8560.0,197248.0,157184.0,1.0,1.0,1.0
3.0,8.9298e-5,0.002901084,0.002338002,8560.0,197248.0,157184.0,1.0,1.0,1.0
3.0,7.9484e-5,0.002882283,0.002396412,6112.0,197248.0,157184.0,1.0,1.0,1.0
3.0,9.7382e-5,0.002770205,0.002404535,8560.0,197248.0,157184.0,1.0,1.0,1.0
3.0,8.8219e-5,0.002778507,0.002371101,8560.0,197248.0,157184.0,1.0,1.0,1.0
3.0,9.3133e-5,0.002859145,0.002456743,8560.0,197248.0,157184.0,1.0,1.0,1.0
3.0,8.9055e-5,0.00290915,0.00252715,8560.0,197248.0,157184.0,1.0,1.0,1.0
10.0,0.000224233,0.011752245,0.007318196,27168.0,750720.0,591472.0,1.0,1.0,1.0
10.0,0.000224009,0.011759389,0.011375307,27168.0,750720.0,591472.0,1.0,1.0,1.0
10.0,0.000234206,0.0123513,0.007242907,27168.0,750720.0,591472.0,1.0,1.0,1.0
10.0,0.000222279,0.011704491,0.006750307,27168.0,750720.0,591472.0,1.0,1.0,1.0
10.0,0.000236531,0.011652458,0.007398371,27168.0,750720.0,591472.0,1.0,1.0,1.0
10.0,0.00023628,0.01214675,0.006731472,27168.0,750720.0,591472.0,1.0,1.0,1.0
10.0,0.000241583,0.011959215,0.007171326,27168.0,750720.0,591472.0,1.0,1.0,1.0
10.0,0.000224736,0.011917912,0.007225861,27168.0,750720.0,591472.0,1.0,1.0,1.0
10.0,0.000241088,0.00995093,0.082452189,27168.0,750720.0,607104.0,1.0,1.0,1.0
10.0,0.000298987,0.012033496,0.006458867,27168.0,750720.0,591472.0,1.0,1.0,1.0
10.0,0.00022459,0.011504932,0.006355386,27168.0,750720.0,591472.0,1.0,1.0,1.0
10.0,0.000221046,0.011488778,0.006727975,27168.0,750720.0,591472.0,1.0,1.0,1.0
10.0,0.000224972,0.011613278,0.006169738,27168.0,750720.0,591472.0,1.0,1.0,1.0
10.0,0.000234068,0.011807666,0.006223301,27168.0,750720.0,591472.0,1.0,1.0,1.0
10.0,0.0002266,0.01151594,0.00659423,27168.0,750720.0,591472.0,1.0,1.0,1.0
10.0,0.000239573,0.012089132,0.006411215,27168.0,750720.0,591472.0,1.0,1.0,1.0
10.0,0.000216065,0.011555013,0.005912439,27168.0,750720.0,591472.0,1.0,1.0,1.0
10.0,0.00022081,0.011638604,0.005756535,27168.0,750720.0,591472.0,1.0,1.0,1.0
10.0,0.00022456,0.012202055,0.006929743,27168.0,750720.0,591472.0,1.0,1.0,1.0
10.0,0.000232658,0.012389034,0.006828191,27168.0,750720.0,591472.0,1.0,1.0,1.0
10.0,0.000218997,0.012461684,0.006613497,27168.0,750720.0,591472.0,1.0,1.0,1.0
10.0,0.00023431,0.012053308,0.007334688,27168.0,750720.0,591472.0,1.0,1.0,1.0
10.0,0.000226399,0.012080773,0.006737919,27168.0,750720.0,591472.0,1.0,1.0,1.0
10.0,0.000225388,0.011949865,0.00656579,27168.0,750720.0,591472.0,1.0,1.0,1.0
10.0,0.000221808,0.012165771,0.007098891,27168.0,750720.0,591472.0,1.0,1.0,1.0
10.0,0.000223005,0.012051758,0.005979541,27168.0,750720.0,591472.0,1.0,1.0,1.0
10.0,0.000224477,0.01192452,0.006527089,27168.0,750720.0,591472.0,1.0,1.0,1.0
10.0,0.000214426,0.012110662,0.006374689,27168.0,750720.0,591472.0,1.0,1.0,1.0
10.0,0.000236681,0.012040748,0.006888437,27168.0,750720.0,591472.0,1.0,1.0,1.0
10.0,0.000223193,0.01214117,0.00677963,27168.0,750720.0,591472.0,1.0,1.0,1.0
10.0,0.000231433,0.012945462,0.007605027,27168.0,750720.0,591472.0,1.0,1.0,1.0
10.0,0.000216431,0.012541828,0.015458931,27168.0,750720.0,591472.0,1.0,1.0,1.0
10.0,0.000239633,0.015184918,0.009337831,27168.0,750720.0,591472.0,1.0,1.0,1.0
10.0,0.000406897,0.013094749,0.015103077,27168.0,750720.0,591472.0,1.0,1.0,1.0
10.0,0.000229363,0.01178693,0.006665256,27168.0,750720.0,591472.0,1.0,1.0,1.0
10.0,0.000220232,0.011911249,0.006378771,27168.0,750720.0,591472.0,1.0,1.0,1.0
10.0,0.000229458,0.011839692,0.00691432,27168.0,750720.0,591472.0,1.0,1.0,1.0
10.0,0.000222276,0.01210603,0.006883031,27168.0,750720.0,591472.0,1.0,1.0,1.0
10.0,0.000226831,0.012236521,0.00646478,27168.0,750720.0,591472.0,1.0,1.0,1.0
10.0,0.000211155,0.011483026,0.006277739,27168.0,750720.0,591472.0,1.0,1.0,1.0
10.0,0.000221171,0.011967717,0.006630819,27168.0,750720.0,591472.0,1.0,1.0,1.0
10.0,0.000222487,0.011559593,0.006687838,27168.0,750720.0,591472.0,1.0,1.0,1.0
10.0,0.000227735,0.011361791,0.005862121,27168.0,750720.0,591472.0,1.0,1.0,1.0
10.0,0.000212603,0.011855521,0.00674853,27168.0,750720.0,591472.0,1.0,1.0,1.0
10.0,0.000225408,0.011901959,0.006716876,27168.0,750720.0,591472.0,1.0,1.0,1.0
10.0,0.000225345,0.011326276,0.005917136,27168.0,750720.0,591472.0,1.0,1.0,1.0
10.0,0.000220047,0.010641284,0.006394491,27168.0,750720.0,591472.0,1.0,1.0,1.0
10.0,0.000215644,0.010682986,0.006215459,27168.0,750720.0,591472.0,1.0,1.0,1.0
10.0,0.000225536,0.011093946,0.006352938,27168.0,750720.0,591472.0,1.0,1.0,1.0
10.0,0.000222489,0.011180484,0.00650383,27168.0,750720.0,591472.0,1.0,1.0,1.0
10.0,0.000237013,0.011142629,0.007174215,27168.0,750720.0,591472.0,1.0,1.0,1.0
10.0,0.000222869,0.011192729,0.006223524,27168.0,750720.0,591472.0,1.0,1.0,1.0
10.0,0.000225097,0.011240583,0.006221833,27168.0,750720.0,591472.0,1.0,1.0,1.0
10.0,0.000232505,0.011353081,0.006489356,27168.0,750720.0,591472.0,1.0,1.0,1.0
10.0,0.000231044,0.011122476,0.006144706,27168.0,750720.0,591472.0,1.0,1.0,1.0
10.0,0.000229551,0.011348801,0.005639087,27168.0,750720.0,591472.0,1.0,1.0,1.0
10.0,0.000223209,0.010632616,0.006426189,27168.0,750720.0,591472.0,1.0,1.0,1.0
10.0,0.000229993,0.063852268,0.006498906,27168.0,757696.0,591472.0,1.0,1.0,1.0
10.0,0.000222699,0.01191341,0.005858975,27168.0,750720.0,591472.0,1.0,1.0,1.0
10.0,0.000222833,0.011855629,0.006191801,27168.0,750720.0,591472.0,1.0,1.0,1.0
10.0,0.000226343,0.011734718,0.006597491,27168.0,750720.0,591472.0,1.0,1.0,1.0
10.0,0.000218779,0.011883268,0.006792975,27168.0,750720.0,591472.0,1.0,1.0,1.0
10.0,0.000225435,0.011807379,0.005751489,27168.0,750720.0,591472.0,1.0,1.0,1.0
10.0,0.000225413,0.011481256,0.006582288,27168.0,750720.0,591472.0,1.0,1.0,1.0
10.0,0.000217747,0.012258181,0.006421852,27168.0,750720.0,591472.0,1.0,1.0,1.0
10.0,0.00022849,0.012495744,0.007115364,27168.0,750720.0,591472.0,1.0,1.0,1.0
10.0,0.00022944,0.012131693,0.007708008,27168.0,750720.0,591472.0,1.0,1.0,1.0
10.0,0.000245617,0.011939757,0.007465425,27168.0,750720.0,591472.0,1.0,1.0,1.0
10.0,0.000230876,0.012189838,0.006428731,27168.0,750720.0,591472.0,1.0,1.0,1.0
10.0,0.000224722,0.012277633,0.007289413,27168.0,750720.0,591472.0,1.0,1.0,1.0
10.0,0.0002143,0.012138998,0.006610791,27168.0,750720.0,591472.0,1.0,1.0,1.0
10.0,0.000221687,0.012400538,0.006335496,27168.0,750720.0,591472.0,1.0,1.0,1.0
10.0,0.000224469,0.012156107,0.005851975,27168.0,750720.0,591472.0,1.0,1.0,1.0
10.0,0.00022678,0.012065751,0.006305789,27168.0,750720.0,591472.0,1.0,1.0,1.0
10.0,0.000226542,0.011969012,0.006666381,27168.0,750720.0,591472.0,1.0,1.0,1.0
10.0,0.000222166,0.012017803,0.006298414,27168.0,750720.0,591472.0,1.0,1.0,1.0
10.0,0.000233489,0.011836556,0.006991666,27168.0,750720.0,591472.0,1.0,1.0,1.0
10.0,0.000230631,0.012476445,0.007254858,27168.0,750720.0,591472.0,1.0,1.0,1.0
10.0,0.000228802,0.012185532,0.007129311,27168.0,750720.0,591472.0,1.0,1.0,1.0
10.0,0.000222125,0.012362692,0.007087139,27168.0,750720.0,591472.0,1.0,1.0,1.0
10.0,0.000230867,0.012983339,0.00707266,27168.0,750720.0,591472.0,1.0,1.0,1.0
10.0,0.000237356,0.012319252,0.006505226,27168.0,750720.0,591472.0,1.0,1.0,1.0
10.0,0.000235539,0.012540781,0.006592172,27168.0,750720.0,591472.0,1.0,1.0,1.0
10.0,0.000226967,0.011732399,0.01229649,27168.0,750720.0,591472.0,1.0,1.0,1.0
10.0,0.000220679,0.011563652,0.006663635,27168.0,750720.0,591472.0,1.0,1.0,1.0
10.0,0.000224442,0.011483605,0.00658362,27168.0,750720.0,591472.0,1.0,1.0,1.0
10.0,0.000223059,0.011792931,0.00624456,27168.0,750720.0,591472.0,1.0,1.0,1.0
10.0,0.000230756,0.012421803,0.008089416,27168.0,750768.0,591472.0,1.0,2.0,1.0
10.0,0.000225285,0.010952679,0.006199879,27168.0,750720.0,591472.0,1.0,1.0,1.0
10.0,0.000215472,0.013456109,0.006338167,27168.0,750720.0,591472.0,1.0,1.0,1.0
10.0,0.000221201,0.01134729,0.005743093,27168.0,750720.0,591472.0,1.0,1.0,1.0
10.0,0.000216587,0.009885902,0.005711453,27168.0,750720.0,591472.0,1.0,1.0,1.0
10.0,0.000220999,0.011605982,0.006488145,27168.0,750720.0,591472.0,1.0,1.0,1.0
10.0,0.000217267,0.013486672,0.006003796,27168.0,750720.0,591472.0,1.0,1.0,1.0
10.0,0.000220412,0.010774335,0.005748194,27168.0,750720.0,591472.0,1.0,1.0,1.0
10.0,0.000228781,0.011895582,0.006753536,27168.0,750720.0,591472.0,1.0,1.0,1.0
10.0,0.000238676,0.011227289,0.006643431,27168.0,750720.0,591472.0,1.0,1.0,1.0
10.0,0.000243757,0.011410899,0.006066442,27168.0,750720.0,591472.0,1.0,1.0,1.0
10.0,0.000249702,0.010239658,0.006144506,27168.0,750720.0,591472.0,1.0,1.0,1.0
10.0,0.000213743,0.011111515,0.006209233,27168.0,750720.0,591472.0,1.0,1.0,1.0
30.0,0.001019309,0.308059813,0.074424455,121264.0,4.98328e6,3.883072e6,1.0,1.0,1.0
30.0,0.001168686,0.324788715,0.067740857,121264.0,4.98328e6,3.883072e6,1.0,1.0,1.0
30.0,0.001226567,0.322180264,0.096117004,121264.0,4.98328e6,3.883072e6,1.0,1.0,1.0
30.0,0.000943008,0.364617525,0.078160592,121264.0,4.983856e6,3.883072e6,1.0,1.0,1.0
30.0,0.001184701,0.307490341,0.064109421,121264.0,4.98328e6,3.883072e6,1.0,1.0,1.0
30.0,0.00104271,0.315445084,0.083617655,121264.0,4.98328e6,3.883072e6,1.0,1.0,1.0
30.0,0.001181293,0.309292423,0.076728107,121264.0,4.98328e6,3.883072e6,1.0,1.0,1.0
30.0,0.001140896,0.290162183,0.057123371,121264.0,4.98328e6,3.883072e6,1.0,1.0,1.0
30.0,0.001099393,0.342693129,0.087581928,121264.0,4.98328e6,3.883072e6,1.0,1.0,1.0
30.0,0.001152369,0.323404204,0.071453104,121264.0,4.98328e6,3.883072e6,1.0,1.0,1.0
30.0,0.001150491,0.331123467,0.097048755,121264.0,4.98328e6,3.884096e6,1.0,1.0,1.0
30.0,0.000959166,0.334323613,0.071063698,121264.0,4.98328e6,3.883072e6,1.0,1.0,1.0
30.0,0.001216269,0.317366329,0.08549061,121264.0,4.98328e6,3.883072e6,1.0,1.0,1.0
30.0,0.001162554,0.37405646,0.077405873,121264.0,4.98328e6,3.883072e6,1.0,1.0,1.0
30.0,0.001827378,0.314610831,0.079199377,121264.0,4.98328e6,3.883072e6,1.0,1.0,1.0
30.0,0.001126624,0.354959286,0.073571374,121264.0,4.98328e6,3.883072e6,1.0,1.0,1.0
30.0,0.001160913,0.330350098,0.089932232,121264.0,4.98328e6,3.883072e6,1.0,1.0,1.0
30.0,0.00112703,0.304106869,0.069945387,121264.0,4.98328e6,3.883072e6,1.0,1.0,1.0
30.0,0.001157516,0.33427213,0.067241752,121264.0,4.984416e6,3.883072e6,1.0,1.0,1.0
30.0,0.009971861,0.339264835,0.075234674,121264.0,4.98328e6,3.883072e6,1.0,1.0,1.0
30.0,0.001180561,0.306116048,0.077418046,121264.0,4.98328e6,3.883072e6,1.0,1.0,1.0
30.0,0.001176694,0.395925671,0.087450994,121264.0,4.98328e6,3.883072e6,1.0,1.0,1.0
30.0,0.001169631,0.343869012,0.092675143,121264.0,4.98328e6,3.883072e6,1.0,1.0,1.0
30.0,0.001121103,0.320932248,0.082585471,121264.0,4.98328e6,3.883072e6,1.0,1.0,1.0
30.0,0.001171146,0.338389792,0.081444498,121264.0,4.98328e6,3.883072e6,1.0,1.0,1.0
30.0,0.001199887,0.293592058,0.095434818,121264.0,4.98328e6,3.88416e6,1.0,1.0,1.0
30.0,0.001110591,0.316450017,0.065568964,121264.0,4.98328e6,3.883072e6,1.0,1.0,1.0
30.0,0.001143856,0.335351718,0.071674905,121264.0,4.98328e6,3.883072e6,1.0,1.0,1.0
30.0,0.001173904,0.319786197,0.069511736,121264.0,4.98328e6,3.883072e6,1.0,1.0,1.0
30.0,0.001150433,0.368511992,0.079792234,121264.0,4.98328e6,3.883072e6,1.0,1.0,1.0
30.0,0.001129102,0.326509957,0.068474801,121264.0,4.98328e6,3.883072e6,1.0,1.0,1.0
30.0,0.001189668,0.304075822,0.055582347,121264.0,4.98328e6,3.883072e6,1.0,1.0,1.0
30.0,0.000981464,0.203596365,0.04757062,121264.0,4.98328e6,3.883072e6,1.0,1.0,1.0
30.0,0.000971876,0.360725451,0.070551519,121264.0,4.984352e6,3.883072e6,1.0,1.0,1.0
30.0,0.001103475,0.338058252,0.078121883,121264.0,4.98328e6,3.883072e6,1.0,1.0,1.0
30.0,0.001157188,0.312190338,0.077248838,121264.0,4.98328e6,3.883072e6,1.0,1.0,1.0
30.0,0.001201431,0.328941721,0.080999448,121264.0,4.98328e6,3.883072e6,1.0,1.0,1.0
30.0,0.001179351,0.313380898,0.054101534,121264.0,4.98328e6,3.883072e6,1.0,1.0,1.0
30.0,0.001003786,0.297400581,0.075550041,121264.0,4.98328e6,3.883072e6,1.0,1.0,1.0
30.0,0.001130605,0.327417041,0.079037873,121264.0,4.98328e6,3.883072e6,1.0,1.0,1.0
30.0,0.009996399,0.334223323,0.095076766,121264.0,4.98328e6,3.88416e6,1.0,1.0,1.0
30.0,0.001022727,0.296252264,0.050433213,121264.0,4.98328e6,3.883072e6,1.0,1.0,1.0
30.0,0.001106819,0.280502979,0.052076679,121264.0,4.98328e6,3.883072e6,1.0,1.0,1.0
30.0,0.00107348,0.337997855,0.073542827,121264.0,4.98328e6,3.883072e6,1.0,1.0,1.0
30.0,0.00117344,0.35163854,0.082243653,121264.0,4.98328e6,3.883072e6,1.0,1.0,1.0
30.0,0.001189228,0.336645665,0.075254046,121264.0,4.98328e6,3.883072e6,1.0,1.0,1.0
30.0,0.001157765,0.253315752,0.057642866,121264.0,4.98328e6,3.883072e6,1.0,1.0,1.0
30.0,0.000928848,0.258440772,0.056657533,121264.0,4.98328e6,3.883072e6,1.0,1.0,1.0
30.0,0.000946848,0.348108693,0.071519353,121264.0,4.984352e6,3.883072e6,1.0,1.0,1.0
30.0,0.001150185,0.322303478,0.07624059,121264.0,4.98328e6,3.883072e6,1.0,1.0,1.0
30.0,0.001193033,0.336611558,0.083502456,121264.0,4.98328e6,3.883072e6,1.0,1.0,1.0
30.0,0.001169311,0.331905455,0.091277279,121264.0,4.98328e6,3.883072e6,1.0,1.0,1.0
30.0,0.001023886,0.340685453,0.068174862,121264.0,4.98328e6,3.883072e6,1.0,1.0,1.0
30.0,0.001156618,0.345477371,0.096730693,121264.0,4.98328e6,3.883072e6,1.0,1.0,1.0
30.0,0.00095848,0.323699915,0.086796881,121264.0,4.98328e6,3.883072e6,1.0,1.0,1.0
30.0,0.001176445,0.304852036,0.093785625,121264.0,4.98328e6,3.88416e6,1.0,1.0,1.0
30.0,0.00099574,0.343412663,0.071634584,121264.0,4.98328e6,3.883072e6,1.0,1.0,1.0
30.0,0.001151764,0.232811442,0.068826706,121264.0,4.98328e6,3.883072e6,1.0,1.0,1.0
30.0,0.001193746,0.33120363,0.07978773,121264.0,4.98328e6,3.883072e6,1.0,1.0,1.0
30.0,0.001141459,0.296014083,0.079267341,121264.0,4.98328e6,3.883072e6,1.0,1.0,1.0
30.0,0.001180284,0.317411989,0.075615076,121264.0,4.98328e6,3.883072e6,1.0,1.0,1.0
30.0,0.00115148,0.293273563,0.074520865,121264.0,4.98328e6,3.883072e6,1.0,1.0,1.0
30.0,0.001173236,0.303172885,0.073130149,121264.0,4.98328e6,3.883072e6,1.0,1.0,1.0
30.0,0.001125815,0.376021029,0.085906922,121264.0,4.984352e6,3.883072e6,1.0,1.0,1.0
30.0,0.001202399,0.336715433,0.072143597,121264.0,4.98328e6,3.883072e6,1.0,1.0,1.0
30.0,0.001138921,0.340002403,0.092129701,121264.0,4.98328e6,3.883072e6,1.0,1.0,1.0
30.0,0.000968541,0.327459181,0.073510217,121264.0,4.98328e6,3.883072e6,1.0,1.0,1.0
30.0,0.001183938,0.331112065,0.077455051,121264.0,4.98328e6,3.883072e6,1.0,1.0,1.0
30.0,0.00117032,0.297154863,0.077730977,121264.0,4.98328e6,3.883072e6,1.0,1.0,1.0
30.0,0.001164969,0.291330133,0.080176937,121264.0,4.98328e6,3.883072e6,1.0,1.0,1.0
30.0,0.001526787,0.308566731,0.070918696,121264.0,4.98328e6,3.883072e6,1.0,1.0,1.0
30.0,0.001104299,0.389947711,0.076789255,121264.0,4.984432e6,3.883072e6,1.0,1.0,1.0
30.0,0.001098752,0.340560409,0.084600404,121264.0,4.98328e6,3.883072e6,1.0,1.0,1.0
30.0,0.001281863,0.331048952,0.071184943,121264.0,4.98328e6,3.883072e6,1.0,1.0,1.0
30.0,0.001122322,0.338529144,0.087149699,121264.0,4.98328e6,3.883072e6,1.0,1.0,1.0
30.0,0.001586193,0.325384091,0.08377229,121264.0,4.98328e6,3.883072e6,1.0,1.0,1.0
30.0,0.001178311,0.298502964,0.075552749,121264.0,4.98328e6,3.883072e6,1.0,1.0,1.0
30.0,0.001171276,0.315723352,0.069475791,121264.0,4.98328e6,3.883072e6,1.0,1.0,1.0
30.0,0.001131215,0.309986215,0.096070408,121264.0,4.98328e6,3.884096e6,1.0,1.0,1.0
30.0,0.001141382,0.328211776,0.080255999,121264.0,4.98328e6,3.883072e6,1.0,1.0,1.0
30.0,0.001222104,0.363768438,0.060029803,121264.0,4.98328e6,3.883072e6,1.0,1.0,1.0
30.0,0.000992068,0.287930876,0.073695173,121264.0,4.98328e6,3.883072e6,1.0,1.0,1.0
30.0,0.001150684,0.361826474,0.068222337,121264.0,4.98328e6,3.883072e6,1.0,1.0,1.0
30.0,0.001193706,0.317145139,0.072605582,121264.0,4.98328e6,3.883072e6,1.0,1.0,1.0
30.0,0.001145229,0.309312454,0.080304605,121264.0,4.98328e6,3.883072e6,1.0,1.0,1.0
30.0,0.001138896,0.285167294,0.070922691,121264.0,4.98328e6,3.883072e6,1.0,1.0,1.0
30.0,0.001119049,0.30661379,0.053694897,121264.0,4.984416e6,3.883072e6,1.0,1.0,1.0
30.0,0.000976596,0.254911489,0.051966074,121264.0,4.98328e6,3.883072e6,1.0,1.0,1.0
30.0,0.000990777,0.274702619,0.065430327,121264.0,4.98328e6,3.883072e6,1.0,1.0,1.0
30.0,0.001124047,0.297813056,0.07259919,121264.0,4.98328e6,3.883072e6,1.0,1.0,1.0
30.0,0.001184734,0.322924626,0.052875464,121264.0,4.98328e6,3.883072e6,1.0,1.0,1.0
30.0,0.001035246,0.307393604,0.08174034,121264.0,4.98328e6,3.883072e6,1.0,1.0,1.0
30.0,0.006421044,0.279859098,0.070407655,121264.0,4.98328e6,3.883072e6,1.0,1.0,1.0
30.0,0.001201187,0.298482698,0.095015864,121264.0,4.98328e6,3.884096e6,1.0,1.0,1.0
30.0,0.000939978,0.391343549,0.07758403,121264.0,4.98328e6,3.883072e6,1.0,1.0,1.0
30.0,0.001196074,0.333808005,0.073613843,121264.0,4.98328e6,3.883072e6,1.0,1.0,1.0
30.0,0.001169089,0.318485546,0.07086125,121264.0,4.98328e6,3.883072e6,1.0,1.0,1.0
30.0,0.001139054,0.333039429,0.07004296,121264.0,4.98328e6,3.883072e6,1.0,1.0,1.0
30.0,0.001170704,0.335575562,0.077167548,121264.0,4.98328e6,3.883072e6,1.0,1.0,1.0
30.0,0.001137892,0.330082451,0.07628906,121264.0,4.98328e6,3.883072e6,1.0,1.0,1.0
100.0,0.011011089,62.126913044,6.978416152,886608.0,5.306644e7,4.0558664e7,1.0,2.0,1.0
100.0,0.047317828,70.35710866,7.914061608,886752.0,5.3066296e7,4.0558744e7,1.0,2.0,1.0
100.0,0.01086122,70.356998613,6.957416442,886608.0,5.3066296e7,4.0558744e7,1.0,2.0,1.0
100.0,0.012246742,65.536555476,6.705341203,886608.0,5.3066424e7,4.0558664e7,1.0,2.0,1.0
100.0,0.011539938,52.056372308,6.306323048,886608.0,5.3066392e7,4.0558664e7,1.0,1.0,1.0
100.0,0.011487483,57.922414591,7.577617954,886608.0,5.306644e7,4.0558664e7,1.0,2.0,1.0
100.0,0.013045322,55.070375924,6.487502948,886608.0,5.3066392e7,4.0558744e7,1.0,1.0,1.0
100.0,0.010669667,56.005443106,6.332632607,886608.0,5.3066248e7,4.0558744e7,1.0,1.0,1.0
100.0,0.012193543,70.61848589,8.97870791,886608.0,5.3066424e7,4.0558664e7,1.0,2.0,1.0
100.0,0.010615052,51.282738164,6.199675706,886608.0,5.3066392e7,4.0558664e7,1.0,1.0,1.0
100.0,0.01201271,60.543419703,9.473700152,886608.0,5.306644e7,4.0558664e7,1.0,2.0,1.0
100.0,0.011090553,68.928243898,7.912820202,886608.0,5.306644e7,4.0558744e7,1.0,2.0,1.0
100.0,0.011013845,51.421631176,6.569677783,886608.0,5.3066248e7,4.0558744e7,1.0,1.0,1.0
100.0,0.010852563,61.59698244,8.501619559,886608.0,5.3066296e7,4.0558808e7,1.0,2.0,1.0
100.0,0.011281993,59.770861949,6.112519068,886608.0,5.3066424e7,4.0558664e7,1.0,2.0,1.0
100.0,0.012824259,67.030632661,6.144754639,886608.0,5.3066392e7,4.0558664e7,1.0,1.0,1.0
100.0,0.011474092,53.140286193,6.117796802,886608.0,5.3066392e7,4.0558744e7,1.0,1.0,1.0
100.0,0.011079642,62.412536667,8.712664378,886608.0,5.3066296e7,4.0558744e7,1.0,2.0,1.0
100.0,0.011139046,72.535547947,6.778122707,886608.0,5.3066296e7,4.0558808e7,1.0,2.0,1.0
100.0,0.011430318,58.100372974,6.132166959,886608.0,5.3066424e7,4.0558664e7,1.0,2.0,1.0
100.0,0.010908144,59.68567909,11.898805121,886608.0,5.306644e7,4.0556744e7,1.0,2.0,2.0
100.0,0.010754695,71.776169874,6.763490339,886608.0,5.306644e7,4.0558664e7,1.0,2.0,1.0
100.0,0.010849859,62.752481398,7.432434052,886608.0,5.306644e7,4.0558744e7,1.0,2.0,1.0
100.0,0.012067091,73.055632907,6.38380865,886608.0,5.3066296e7,4.0558744e7,1.0,2.0,1.0
100.0,0.011046706,70.751700439,7.316159788,886608.0,5.3066424e7,4.0558664e7,1.0,2.0,1.0
100.0,0.011168918,56.058157649,6.095688676,886608.0,5.3066392e7,4.0558664e7,1.0,1.0,1.0
100.0,0.011349211,57.710217802,5.728187689,886608.0,5.306644e7,4.0558744e7,1.0,2.0,1.0
100.0,0.011295871,62.138577398,6.317487721,886608.0,5.3066296e7,4.0558808e7,1.0,2.0,1.0
100.0,0.012233667,68.384542592,9.089945097,886608.0,5.3066296e7,4.0558744e7,1.0,2.0,1.0
100.0,0.011347238,62.923332326,6.260574056,886608.0,5.3066376e7,4.0558664e7,1.0,1.0,1.0
100.0,0.011294591,60.67812504,6.981498815,886608.0,5.306644e7,4.0558664e7,1.0,2.0,1.0
100.0,0.011541933,57.382745762,6.249151925,886608.0,5.306644e7,4.0558664e7,1.0,2.0,1.0
100.0,0.010893094,62.739415867,7.210462574,886608.0,5.306644e7,4.0558744e7,1.0,2.0,1.0
100.0,0.011354674,60.324932704,6.671849185,886608.0,5.3066296e7,4.0558744e7,1.0,2.0,1.0
100.0,0.01210204,52.888132321,7.009190004,886608.0,5.3066248e7,4.0558808e7,1.0,1.0,1.0
100.0,0.012621058,60.485336641,6.70458973,886608.0,5.3066424e7,4.0558664e7,1.0,2.0,1.0
100.0,0.011162483,57.758595108,7.238132374,886608.0,5.306644e7,4.0558664e7,1.0,2.0,1.0
100.0,0.010820827,53.657458321,6.380687642,886608.0,5.3066392e7,4.0558744e7,1.0,1.0,1.0
100.0,0.011928763,66.771704006,7.054986724,886608.0,5.3066296e7,4.0558744e7,1.0,2.0,1.0
100.0,0.011181537,57.428277271,6.933461195,886608.0,5.3066296e7,4.0558808e7,1.0,2.0,1.0
100.0,0.011101972,61.742618816,7.339981004,886608.0,5.3066424e7,4.0558664e7,1.0,2.0,1.0
100.0,0.012112074,75.734523464,6.285447111,886608.0,5.306644e7,4.0558664e7,1.0,2.0,1.0
100.0,0.012147096,53.94370703,6.390423393,886608.0,5.3066392e7,4.0558744e7,1.0,1.0,1.0
100.0,0.012145985,58.297567953,6.399073242,886608.0,5.3066296e7,4.0558808e7,1.0,2.0,1.0
100.0,0.012366083,60.196881941,7.162856806,886608.0,5.3066296e7,4.0558744e7,1.0,2.0,1.0
100.0,0.010841062,60.419247188,7.750864472,886608.0,5.3066424e7,4.0558664e7,1.0,2.0,1.0
100.0,0.010991923,66.394797221,8.38727136,886608.0,5.306644e7,4.0558664e7,1.0,2.0,1.0
100.0,0.011614213,71.640563288,7.149729354,886608.0,5.306644e7,4.0558664e7,1.0,2.0,1.0
100.0,0.01141568,73.472487429,6.872860074,886608.0,5.306644e7,4.0558744e7,1.0,2.0,1.0
100.0,0.011150161,72.635541592,7.760469779,886608.0,5.3066296e7,4.0558744e7,1.0,2.0,1.0
100.0,0.012031297,57.633920644,6.347742826,886608.0,5.3066424e7,4.0558664e7,1.0,2.0,1.0
100.0,0.01112023,66.10698192,7.607367089,886608.0,5.306644e7,4.0558664e7,1.0,2.0,1.0
100.0,0.012101812,68.903953987,6.928624508,886608.0,5.306644e7,4.0558664e7,1.0,2.0,1.0
100.0,0.011007783,59.934179244,6.381380742,886608.0,5.306644e7,4.0558744e7,1.0,2.0,1.0
100.0,0.011480988,60.063240448,6.541994396,886608.0,5.3066296e7,4.0558744e7,1.0,2.0,1.0
100.0,0.01184531,61.076433018,8.365680211,886608.0,5.3066296e7,4.0558808e7,1.0,2.0,1.0
100.0,0.011641338,73.310958025,6.367336535,886608.0,5.3066424e7,4.0558664e7,1.0,2.0,1.0
100.0,0.010594623,69.406010787,6.971836042,886608.0,5.306644e7,4.0558664e7,1.0,2.0,1.0
100.0,0.010857836,51.190126011,6.495829328,886608.0,5.3066392e7,4.0558744e7,1.0,1.0,1.0
100.0,0.011250806,70.262628079,6.446678785,886608.0,5.3066296e7,4.0558808e7,1.0,2.0,1.0
100.0,0.012208545,57.368867914,6.38986865,886608.0,5.3066296e7,4.0558744e7,1.0,2.0,1.0
100.0,0.011104613,68.772196025,7.177914868,886608.0,5.3066424e7,4.0558664e7,1.0,2.0,1.0
100.0,0.011604423,60.022953155,7.858733122,886608.0,5.306644e7,4.0558664e7,1.0,2.0,1.0
100.0,0.012142604,51.374240516,6.158530029,886608.0,5.3066392e7,4.0558664e7,1.0,1.0,1.0
100.0,0.010875975,70.912365513,6.963694152,886608.0,5.306644e7,4.0558744e7,1.0,2.0,1.0
100.0,0.011365392,61.59060624,6.950409636,886608.0,5.3066248e7,4.0558744e7,1.0,1.0,1.0
100.0,0.011112663,66.702567589,7.287660924,886608.0,5.3066424e7,4.0558664e7,1.0,2.0,1.0
100.0,0.011740344,68.564871602,6.126559761,886608.0,5.306644e7,4.0558664e7,1.0,2.0,1.0
100.0,0.012637561,59.976611492,6.94806018,886608.0,5.306644e7,4.0558664e7,1.0,2.0,1.0
100.0,0.012511338,66.380832682,6.929372875,886608.0,5.3066392e7,4.0558744e7,1.0,1.0,1.0
100.0,0.012327724,70.506344421,6.234236746,886608.0,5.3066296e7,4.0558744e7,1.0,2.0,1.0
100.0,0.012219201,59.120027845,6.569435514,886608.0,5.3066296e7,4.0558808e7,1.0,2.0,1.0
100.0,0.012183649,60.993470885,6.746378837,886608.0,5.3066424e7,4.0558664e7,1.0,2.0,1.0
100.0,0.010720948,45.011710268,6.584877198,886608.0,5.3066392e7,4.0558664e7,1.0,1.0,1.0
100.0,0.0111297,66.626903568,7.09061787,886608.0,5.306644e7,4.0558744e7,1.0,2.0,1.0
100.0,0.011795514,53.461744805,6.209245313,886608.0,5.3066248e7,4.0558744e7,1.0,1.0,1.0
100.0,0.011010529,71.541280983,7.098914144,886608.0,5.3066296e7,4.0558808e7,1.0,2.0,1.0
100.0,0.011755323,65.905652265,8.537920023,886608.0,5.3066424e7,4.0558664e7,1.0,2.0,1.0
100.0,0.011130961,73.293202669,6.279301718,886608.0,5.306644e7,4.0558664e7,1.0,2.0,1.0
100.0,0.012061754,54.717621184,6.638632158,886608.0,5.3066392e7,4.0558744e7,1.0,1.0,1.0
100.0,0.012630965,57.937166405,6.577447718,886608.0,5.3066248e7,4.0558808e7,1.0,1.0,1.0
100.0,0.011546533,59.614598413,6.989096711,886608.0,5.3066296e7,4.0558744e7,1.0,2.0,1.0
100.0,0.01258611,68.39234255,7.638763403,886608.0,5.3066424e7,4.0558664e7,1.0,2.0,1.0
100.0,0.012298156,59.983477123,7.773434777,886608.0,5.306644e7,4.0558664e7,1.0,2.0,1.0
100.0,0.012958691,50.562668731,6.267990129,886608.0,5.3066392e7,4.0558664e7,1.0,1.0,1.0
100.0,0.011954453,60.432679057,6.716006891,886608.0,5.306644e7,4.0558744e7,1.0,2.0,1.0
100.0,0.010962638,61.844595504,7.688615135,886608.0,5.3066296e7,4.0558744e7,1.0,2.0,1.0
100.0,0.012760638,71.073629617,6.47122858,886608.0,5.3066296e7,4.0558808e7,1.0,2.0,1.0
100.0,0.012582745,57.745048776,6.813995736,886608.0,5.3066424e7,4.0558664e7,1.0,2.0,1.0
100.0,0.010153891,51.901053645,6.517806985,886608.0,5.3066392e7,4.0558664e7,1.0,1.0,1.0
100.0,0.011463175,55.536620275,7.616770152,886608.0,5.306644e7,4.0558744e7,1.0,2.0,1.0
100.0,0.011258795,70.683259969,6.292998403,886608.0,5.3066296e7,4.0558744e7,1.0,2.0,1.0
100.0,0.011091722,61.941476333,7.037873613,886608.0,5.3066248e7,4.0558808e7,1.0,1.0,1.0
100.0,0.010882199,70.050565598,8.033794239,886608.0,5.3066424e7,4.0558664e7,1.0,2.0,1.0
100.0,0.011972189,73.244586693,6.368419878,886608.0,5.306644e7,4.0558664e7,1.0,2.0,1.0
100.0,0.011073947,60.681158769,6.426201279,886608.0,5.306644e7,4.0558664e7,1.0,2.0,1.0
100.0,0.051715282,68.32565586,6.384870896,886752.0,5.3066296e7,4.0558744e7,1.0,2.0,1.0
100.0,0.011657563,66.322486299,8.880999438,886608.0,5.3066296e7,4.0558744e7,1.0,2.0,1.0
100.0,0.012741837,59.851433819,6.997969133,886608.0,5.3066424e7,4.0558664e7,1.0,2.0,1.0
100.0,0.011105784,58.784707729,6.703547355,886608.0,5.306644e7,4.0558664e7,1.0,2.0,1.0
